<?xml version="1.0" encoding="UTF-8"?>
<!DOCTYPE hibernate-mapping PUBLIC  
  
  "-//Hibernate/Hibernate Mapping DTD 3.0//EN"  
  "http://hibernate.sourceforge.net/hibernate-mapping-3.0.dtd">  
  <hibernate-mapping>
  <class  name="com.virtusa.hib.model.Employee" table="tps">
  <id name="id">
  <generator class="assigned"></generator>
  </id>
  <property name="name"></property>
  <joined-subclass name="com.virtusa.hib.model.Regular_Employee" table="rtps">
  <key column="eid"></key>
  <property name="salary"></property>
  <property name="bonus"></property>
  </joined-subclass>
  <joined-subclass name="com.virtusa.hib.model.Contract_Employee" table="ctps">
  <key column="eid"></key>
  <property name="payperhour"></property>
  <property name="contractduration"></property>
  </joined-subclass>
   </class>
  </hibernate-mapping>