<?xml version='1.0' encoding='UTF-8'?>  
<!DOCTYPE hibernate-mapping PUBLIC  
  
  "-//Hibernate/Hibernate Mapping DTD 3.0//EN"  
  "http://hibernate.sourceforge.net/hibernate-mapping-3.0.dtd">  
  <hibernate-mapping>
  <class name="com.virtusa.hiber.model.Employee" table="emphibtable" discriminator-value="emp">
  <id name="id">
  <generator class="assigned"></generator>
  </id>
  <discriminator column="type" type="string"></discriminator>
  <property name="name"></property>
  
  <subclass name="com.virtusa.hiber.model.Regular_Employee" discriminator-value="reg_emp">
  <property name="salary"></property>
  <property name="bonus"></property>
  </subclass>
  
  <subclass name="com.virtusa.hiber.model.Contract_Employee" discriminator-value="con_emp">
  <property name="payperhour"></property>
  <property name="contractduration"></property>
  
  </subclass>
  
  </class>
  </hibernate-mapping>