<?xml version="1.0" encoding="UTF-8"?>
  
<!DOCTYPE hibernate-configuration PUBLIC  
          "-//Hibernate/Hibernate Configuration DTD 3.0//EN"  
          "http://hibernate.sourceforge.net/hibernate-configuration-3.0.dtd">  
  
<!-- Generated by MyEclipse Hibernate Tools.                   -->  
<hibernate-configuration>  
  
    <session-factory>  
        <property name="hbm2ddl.auto">update</property>  
        <property name="dialect">org.hibernate.dialect.Oracle9Dialect</property>  
        <property name="connection.url">jdbc:oracle:thin:@localhost:1521:xe</property>  
        <property name="connection.username">system</property>  
        <property name="connection.password">system</property>  
        <property name="connection.driver_class">oracle.jdbc.driver.OracleDriver</property>  
   
        <mapping class="com.virtusa.hiber.model.Employee"/>  
        <mapping class="com.virtusa.hiber.model.Contract_Employee"/>  
        <mapping class="com.virtusa.hiber.model.Regular_Employee"/>  
    </session-factory>  
  
</hibernate-configuration>  