<?xml version="1.0" encoding="UTF-8"?>
<!DOCTYPE hibernate-mapping PUBLIC  
  
  "-//Hibernate/Hibernate Mapping DTD 3.0//EN"  
  "http://hibernate.sourceforge.net/hibernate-mapping-3.0.dtd">
  <hibernate-mapping>
  <class name="com.virtusa.hiber.model.Employee" table="tpc">
  <id name="id">
  <generator class="assigned"></generator>
  </id>
  <property name="name"></property>
  <union-subclass name="com.virtusa.hiber.model.Regular_Employee" table="rtpc">
  <property name="salary"></property>
  <property name="bonus"></property>
  </union-subclass>
  
  <union-subclass name="com.virtusa.hiber.model.Contract_Employee" table="ctpc">
  <property name="payperhour"></property>
  <property name="contractduration"></property>
  </union-subclass>
  </class>
  </hibernate-mapping>